boot	verdict	tid	lat	w0_to_pre	pre_to_data	write_ms	load_gap	wd_overrun	probe_gap	unblock	woken	lines	ms_per_line	resumes
boot-001	clean	28	1184	0	1228	1194	2063	106		2198	2293	95	12.5	2
boot-002	clean	30	1320	0	1361	1341	1853	185		2238	2367	129	10.2	1
boot-003	clean	30	1601	0	1639	1228	1560	680		2219	2392	173	9.3	2
boot-004	clean	30	982	0	983	1045	3653	129			2659	130	7.6	1
boot-005	clean	28	971	0	1825	1073	2169	257		2291	2387	96	10.1	1
boot-006	clean	29	1255	1238	17	1309	2626	17388			2691	198	6.3	1
boot-007	clean	30	1867	0	1908	1882	937	100		2269	2467	198	9.4	2
boot-008	clean	27	1365	1349	16	42	974	229			2639	209	6.5	1
boot-009	clean	29	2538	2521	17	42	2951	3019		2518	2573	55	46.1	1
boot-010	clean	30	388	0	437	395	1622	96		2524	2551	27	14.4	1
boot-011	clean	28	1283	0	1324	579	1309	759		2217	2356	139	9.2	2
boot-012	clean	30	1282	1265	17	44	988	576			2751	283	4.5	1
boot-013	exit15	30	886	870	16	995	6782	435			2989	429	2.1	4
boot-014	clean	30	880	0	1871	220	1041	756		2650	2658	8	110.0	1
boot-015	clean	28	2253	0	2300	1816	1404	340		2177	2350	173	13.0	1
boot-016	clean	28	1633	0	1674	1276	1176	384		2172	2323	151	10.8	2
boot-017	exit15	28	1256	0	1297	1262	1832	207		2204	2319	115	10.9	1
boot-018	clean	30	1624	1606	18	501	742	718			2697	129	12.6	1
boot-019	clean	27	1445	883	562	886	1399	446			2643	214	6.8	1
boot-020	clean	28	2056	0	2098	2066	1015	1081		2123	2339	216	9.5	1
boot-021	clean	30	1241	0	1282	1356	2309	163		2424	2546	122	10.2	1
boot-022	clean	30	977	960	17	1089	1807	429			2840	154	6.3	1
boot-023	clean	27	1814	0	1856	1876	820	3605		2107	2292	185	9.8	1
boot-024	clean	27	1200	1184	16	45	1058	112			2580	252	4.8	1
boot-025	clean	28	1286	0	1329	1293	1138	1039		2210	2332	122	10.5	1
boot-026	clean	30	743	0	781	791	939	3076		2234	2308	74	10.0	1
boot-027	clean	29	1211	1194	17	1229	1116	586			2630	186	6.5	1
boot-028	clean	29	1228	0	1269	1244	1110	2062		2251	2371	120	10.2	1
boot-029	clean	28	1398	0	1439	1415	1309	520		2193	2329	136	10.3	1
boot-030	clean	29	1226	0	1266	1828	722	102		2176	2306	130	9.4	1
boot-031	clean	27	1279	1262	17	42	1241	588			2536	114	11.2	1
boot-032	clean	30	1418	0	1460	1424	1934	114		2231	2371	140	10.1	1
boot-033	clean	30	1340	0	1341	1405	1056	411			2618	110	12.2	1
boot-034	clean	30	779	0	822	836	2034	136		2611	2676	65	12.0	1
boot-035	clean	30	1670	0	1714	1676	1631	513		2083	2234	151	11.1	1
boot-036	clean	30	1259	0	1300	1303	1284	394		2320	2441	121	10.4	1
boot-037	clean	30	739	0	779	740	503	368		2321	2400	79	9.4	1
boot-038	clean	29	2043	0	2085	1386	3473	135		2158	2288	130	15.7	1
boot-039	clean	30	494	0	534	546	527	2081		2443	2487	44	11.2	1
boot-040	clean	28	846	830	16	887	976	1491			2569	162	5.2	1
boot-041	clean	28	1293	1277	16	42	1156	860			2632	203	6.4	1
boot-042	clean	30	2106	2090	16	41	793	6119			2828	170	12.4	1
boot-043	clean	30	1251	0	1289	1265	885	2161		2290	2428	138	9.1	1
boot-044	clean	30	1225	0	1226	1288	1362	474			2791	372	3.3	5
boot-045	clean	27	611	0	652	674	3421	2913		2267	2322	55	11.1	1
boot-046	exit13	28	4504	1346	3158	1348		409	386					
boot-047	clean	28	2344	0	2345	41	690	549			2662	254	9.2	1
boot-048	clean	30	1989	0	2033	843	1584	743		2454	2653	199	10.0	2
boot-049	clean	29	1045	0	1089	1087	2308	187		2285	2384	99	10.6	1
boot-050	clean	30	1132	0	1172	1147	2626	816		2218	2331	113	10.0	1
boot-051	exit15	30	913	0	914	42	1116	1468			3218	463	2.0	1
boot-052	clean	27	331	0	371	371	1173	244		2627	2658	31	10.7	1
boot-053	clean	28	682	666	16	41	864	335			2670	198	3.4	1
boot-054	clean	27	633	0	674	734	1441	40		2246	2307	61	10.4	1
boot-055	clean	30	1167	0	1212	1189	1998	226		2343	2448	105	11.1	1
boot-056	clean	28	1392	0	1432	1403	985	3101		2214	2358	144	9.7	1
boot-057	exit13	30	5635	0	6418	345		143	492	2291	2622	331	17.0	6
boot-058	clean	29	1249	0	1290	1302	794	295		2193	2321	128	9.8	1
boot-059	clean	30	1310	0	1311	42	1247	543			2610	170	7.7	1
boot-060	clean	28	712	695	17	42	597	174			2777	122	5.8	1
boot-061	clean	28	2982	0	3026	218	789	1796		2173	2184	11	271.1	1
boot-062	clean	30	1002	986	16	1065	2165	2049			2629	119	8.4	1
boot-063	clean	27	1924	0	1967	1130	1051	4419		2202	2306	104	18.5	1
boot-064	exit15	29	588	0	589	42	1304	5777			2840	501	1.2	7
boot-065	exit15	29	1194	0	1195	1435	1973	197			3389	994	1.2	1
boot-066	clean	29	1252	1236	16	40	1541	117			2502	288	4.3	1
boot-067	clean	29	894	0	896	38	3023	638			2644	349	2.6	2
boot-068	clean	27	1371	1355	16	42	1254	2883			2683	307	4.5	1
boot-069	clean	28	1196	0	1198	1304	4075	118			2662	241	5.0	1
boot-070	clean	28	1235	1219	16	43	1142	1386			2547	191	6.5	1
boot-071	clean	27	1239	0	1282	1254	1506	240		2130	2240	110	11.3	1
boot-072	clean	27	1180	0	1220	1232	944	481		2250	2367	117	10.1	1
boot-001	clean	30	1072	0	1114	1078	1876	1608		2299	2402	103	10.4	1
boot-002	exit15	30	791	0	832	796	2110	245		2316	2393	77	10.3	1
boot-003	clean	27	677	0	718	698	843	6127		2316	2389	73	9.3	1
boot-004	clean	28	476	0	3184	520	808	428		2525	2567	42	11.3	1
